"percentile","Trees","Stumps","RF"
"pc50",42.9694994628906,43.6450927734375,348.576047705078
"pc90",103.66431987793,105.897416069336,462.252434753418
"pc99",138.620236422851,152.334531374512,540.952961377685
