"percentile","Trees","Stumps","RF"
"pc50",42.9694994628906,43.6450927734375,348.027959631348
"pc90",103.66431987793,105.897416069336,462.763141845703
"pc99",138.620236422851,152.334531374512,539.591325025146
