"model","Trees","Stumps","RF"
"pc50",44.0941938476563,0,0
"pc90",104.0908440625,0,0
"pc99",143.403775241211,0,0
